filename,category,rms,zero_crossing_rate,spectral_centroid,spectral_bandwidth,spectral_rolloff
1-101296-A-19.wav,thunderstorm,0.10627453481477679,0.05555555555555555,1599.455107145176,3132.501867831211,3070.0
1-101296-B-19.wav,thunderstorm,0.1025204650836367,0.058058956916099774,1240.4825147052802,2588.194712899776,1318.0
1-115521-A-19.wav,thunderstorm,0.06526400200410112,0.021514739229024943,426.30414036273487,913.5111096478737,688.4000000000001
1-137-A-32.wav,keyboard_typing,0.021741162107516195,0.07279818594104308,4295.825475270828,3496.5561736478326,8124.400000000001
1-137296-A-16.wav,wind,0.21685612403013824,0.0178140589569161,1074.9162771271897,2577.208727181306,2117.6
1-17124-A-43.wav,car_horn,0.04698450547369896,0.020376417233560092,2174.924787707059,1935.8723858092685,2964.6000000000004
1-17367-A-10.wav,rain,0.13212207285928568,0.27285260770975056,3268.571426978977,2123.2552415805385,5784.6
1-18527-A-44.wav,engine,0.25124568026676425,0.037950113378684806,1974.7435950269632,2920.820697697735,3859.4
1-18527-B-44.wav,engine,0.3190627426031468,0.01470294784580499,1279.0012333473617,2309.4772412257194,2176.2000000000003
1-19026-A-43.wav,car_horn,0.10760662106742355,0.032122448979591836,3878.0166635188266,3894.2511986119425,7551.400000000001
1-21189-A-10.wav,rain,0.13723382109128554,0.3107482993197279,3888.3276483124846,2694.4694875200607,7207.400000000001
1-22882-A-44.wav,engine,0.1397546168675649,0.06820861678004535,1979.5483409561157,2275.2735405402386,3838.2000000000003
1-23222-A-19.wav,thunderstorm,0.12024730731204022,0.04699319727891157,1632.8588572299973,2209.811905030392,3318.8
1-23222-B-19.wav,thunderstorm,0.16498288706538203,0.030122448979591838,975.4324889663403,2092.894754592802,1613.8000000000002
1-24074-A-43.wav,car_horn,0.1354513879881784,0.12774603174603175,1992.6088272555116,2093.365328519463,3179.4
1-24076-A-43.wav,car_horn,0.16264015541637095,0.1174421768707483,2955.229960198568,2963.5199748780337,6332.200000000001
1-24524-A-19.wav,thunderstorm,0.11568224545060503,0.01658956916099773,447.27280916731456,1042.939398483088,685.8000000000001
1-24524-B-19.wav,thunderstorm,0.10513028759789607,0.04302040816326531,917.6165386772632,1738.4873657891071,1507.6000000000001
1-24524-C-19.wav,thunderstorm,0.09125352602998316,0.056027210884353744,1728.2811493163072,2325.984674037101,3598.8
1-254507-A-43.wav,car_horn,0.2198388897332809,0.06612244897959184,2789.6063349873875,3167.294500665213,4982.400000000001
1-26176-A-43.wav,car_horn,0.08959554834514045,0.05476190476190476,4616.628548236625,3396.10649213448,8516.800000000001
1-26177-A-43.wav,car_horn,0.1489042452344436,0.04644444444444444,2363.8866800845476,2434.3787886849536,4208.8
1-26222-A-10.wav,rain,0.10444756797268014,0.5059319727891156,6419.434296945717,4502.884342080249,11169.6
1-28135-A-11.wav,sea_waves,0.16084099723073744,0.13512018140589568,2737.715596606047,3250.8936823194927,6177.0
1-28135-B-11.wav,sea_waves,0.12487593713496259,0.13005895691609978,2802.966926701226,3224.3499627162596,6133.8
1-28808-A-43.wav,car_horn,0.17791159056360464,0.12142403628117913,2344.845968627956,2597.4577622421066,3952.0
1-29532-A-16.wav,wind,0.17261939041994318,0.36099773242630384,4364.271511502317,3063.209777651402,7666.8
1-29561-A-10.wav,rain,0.11898441830361975,0.24400907029478458,3636.858280625641,2970.0012849479817,6333.0
1-31482-A-42.wav,siren,0.23955051525520407,0.05159183673469388,1265.4775272293955,2149.849828881361,1791.2
1-31482-B-42.wav,siren,0.24237772790664694,0.07098412698412698,1307.4122621725498,2163.183290100152,1401.2
1-39901-A-11.wav,sea_waves,0.10448436816193399,0.10234013605442177,2453.948597995664,3452.0984965346156,5102.200000000001
1-39901-B-11.wav,sea_waves,0.1200072097677916,0.1014875283446712,2483.9870425573417,3384.2173542531364,5294.400000000001
1-43760-A-11.wav,sea_waves,0.09344663805762712,0.18914285714285714,3821.5840196714917,4049.4474997656544,7953.6
1-47709-A-16.wav,wind,0.5697995901481715,0.024907029478458048,1402.7602442118987,3098.521034330945,1926.8000000000002
1-47714-A-16.wav,wind,0.3876945402064189,0.014603174603174604,1264.8970990047658,3132.4222564426564,1688.8000000000002
1-50060-A-10.wav,rain,0.10642135758586978,0.4531156462585034,6041.529232563611,4487.150305234774,11424.0
1-50454-A-44.wav,engine,0.1312646484983335,0.043950113378684805,2393.420272780515,3342.691922117013,4918.8
1-50455-A-44.wav,engine,0.21842707673393003,0.02053968253968254,1936.8653192115196,2654.527493455577,4183.0
1-50661-A-44.wav,engine,0.46173627586647487,0.05570975056689342,2415.0799729564947,3030.6110454730638,4516.8
1-51035-A-16.wav,wind,0.2327586792904606,0.0950657596371882,2730.2070732432658,4235.198889306664,5599.0
1-51036-A-16.wav,wind,0.23062823207625058,0.08800907029478458,2361.7174101645046,3704.240987603543,3572.4
1-51037-A-16.wav,wind,0.2141293378560366,0.14267573696145125,3005.9100689704323,3479.93100121429,6303.0
1-53501-A-32.wav,keyboard_typing,0.028976681068726085,0.38340589569161,5535.923412126152,4106.6875021332135,9863.0
1-54084-A-42.wav,siren,0.2575450336487796,0.05614512471655329,1062.3253576588725,1724.116209921383,1380.6000000000001
1-54958-A-10.wav,rain,0.16708069189462044,0.2753560090702948,3526.7003897338195,2633.923441403765,6458.6
1-56311-A-10.wav,rain,0.14645272207847482,0.304766439909297,3899.0006463991263,2968.850972012773,6654.200000000001
1-61212-A-32.wav,keyboard_typing,0.03129407756853776,0.3063219954648526,5053.654396667844,3959.8839996607517,9594.6
1-61252-A-11.wav,sea_waves,0.16113131444716555,0.15704308390022675,3266.7288780255763,3717.558415929542,7655.200000000001
1-61261-A-44.wav,engine,0.21984269256662728,0.07950113378684807,4150.727112290192,4549.697837646877,10102.2
1-62565-A-44.wav,engine,0.28622713816480594,0.010448979591836735,677.6804178737734,1965.9525241739645,607.8000000000001
1-62594-A-32.wav,keyboard_typing,0.08277427789540667,0.06243083900226758,4765.665212778405,4579.237180985891,10333.2
1-63871-A-10.wav,rain,0.1480241248220625,0.2032018140589569,4111.240556514791,4577.716281350851,8631.800000000001
1-69760-A-16.wav,wind,0.2820288925310906,0.15063038548752836,4319.394743275146,4729.540194515767,9868.800000000001
1-76831-A-42.wav,siren,0.43474689408793465,0.12628571428571428,2126.791167583501,2296.6870807472947,3266.6000000000004
1-76831-B-42.wav,siren,0.4316687857682948,0.11502947845804988,1830.0200615215028,1978.588786762578,2572.6000000000004
1-76831-C-42.wav,siren,0.42618198770708104,0.11430385487528345,1838.0273155596803,2001.6915475570618,2569.6000000000004
1-76831-D-42.wav,siren,0.4617966598709822,0.10699319727891156,1830.0286340592922,2010.3515092164512,2615.2000000000003
1-76831-E-42.wav,siren,0.4405652818956568,0.12002721088435374,2045.2141617960785,2239.449332267104,3241.0
1-79711-A-32.wav,keyboard_typing,0.031332280543353304,0.21267120181405896,6434.8003104193285,4563.1323366881925,10920.6
1-84393-A-32.wav,keyboard_typing,0.10712773082044552,0.015256235827664399,1278.7595878813813,2989.7554881719816,2637.2000000000003
1-91359-A-11.wav,sea_waves,0.16864921829144536,0.22029931972789116,4418.5873508557115,4732.944307582802,10682.0
1-91359-B-11.wav,sea_waves,0.19535877985366662,0.14500680272108843,3906.2198168141745,4600.244910845855,9703.2
1-94231-A-32.wav,keyboard_typing,0.0239989279312161,0.4070748299319728,4966.546725205905,4305.998552765929,9523.2
1-94231-B-32.wav,keyboard_typing,0.02698905265929935,0.3180770975056689,5596.7830336018305,4858.641683285236,11924.400000000001
2-100648-A-43.wav,car_horn,0.27018249752150014,0.21300680272108843,5317.08993639429,5062.912157783194,11023.6
2-101676-A-10.wav,rain,0.04842474127342453,0.4076916099773243,5328.500468578077,3700.8980750513624,9315.0
2-102852-A-11.wav,sea_waves,0.11366819048139375,0.2110657596371882,3516.504658190673,3343.534659325286,7177.400000000001
2-104105-A-19.wav,thunderstorm,0.1127041028387494,0.023428571428571427,772.6865875337788,2259.921589824291,697.8000000000001
2-104105-B-19.wav,thunderstorm,0.12148148880567661,0.028843537414965988,699.0114606457275,1964.9053902839744,742.6
2-104168-A-32.wav,keyboard_typing,0.025282004160501522,0.08628117913832199,4053.4716761974146,3381.7072678695254,6041.8
2-104952-A-16.wav,wind,0.14891996013457232,0.042249433106575966,1276.8213778972095,2252.6949983949175,2550.2000000000003
2-104952-B-16.wav,wind,0.16472281520391707,0.044825396825396824,1482.069795052663,2503.0909289034967,3127.0
2-106014-A-44.wav,engine,0.25682933475704495,0.06476190476190476,1633.7123944800185,2110.9446239981235,2988.2000000000003
2-106015-A-44.wav,engine,0.24382473587981413,0.03573696145124716,1045.1441489400481,1697.3881660959257,2145.4
2-106015-B-44.wav,engine,0.26351170063390195,0.03293424036281179,1007.7717056171481,1841.5580179484473,1638.4
2-106486-A-44.wav,engine,0.21200753592202995,0.1484625850340136,4048.8406243533445,4427.934976554888,9265.800000000001
2-106487-A-44.wav,engine,0.30691751742003254,0.03264399092970521,3725.0327728204097,4446.668999168451,8702.6
2-107228-A-44.wav,engine,0.15883022166568747,0.06727437641723356,3090.4153735228756,3793.178354189302,7874.0
2-107228-B-44.wav,engine,0.1164677037078019,0.11393197278911564,3017.1170970915064,3725.1141569304823,7683.200000000001
2-109316-A-32.wav,keyboard_typing,0.038272489818771877,0.04016326530612245,4231.718970322297,4099.509362357578,9531.4
2-109371-A-16.wav,wind,0.23423933343428086,0.02985034013605442,1005.6267948642148,1655.9246930048782,1910.2
2-109371-B-16.wav,wind,0.25984344907303253,0.028126984126984125,1033.593062781054,1933.9783370577572,1873.6000000000001
2-109371-C-16.wav,wind,0.23134072406263007,0.022993197278911564,818.6137176079491,1734.2524275418402,1449.2
2-109371-D-16.wav,wind,0.22947395983468064,0.022058956916099774,793.1771066091478,1646.543556306681,1469.2
2-109374-A-16.wav,wind,0.2658670992601173,0.01783219954648526,912.8077474846707,2521.6958392110337,739.8000000000001
2-117625-A-10.wav,rain,0.1403313343482967,0.28546031746031747,4088.9794942169015,3487.096669482964,7599.0
2-118459-A-32.wav,keyboard_typing,0.05156841963795233,0.15487528344671203,4316.495257990146,4028.3216583431918,8862.0
2-118459-B-32.wav,keyboard_typing,0.04686643770671235,0.14498866213151929,4422.288311710337,3881.596858023334,9028.0
2-118817-A-32.wav,keyboard_typing,0.05366354150162292,0.08766439909297052,7033.630372308797,5020.6068287812805,12692.6
2-120333-A-32.wav,keyboard_typing,0.10780080602192989,0.07334240362811792,6484.881802550631,4819.630205297505,11211.2
2-124662-A-11.wav,sea_waves,0.07718143164415346,0.2470748299319728,4788.878848417131,4572.690942829663,10509.800000000001
2-125520-A-43.wav,car_horn,0.2473138893737395,0.11673469387755102,1964.6566104095616,2241.8798427643283,3141.0
2-125966-A-11.wav,sea_waves,0.07414651083803839,0.13527437641723355,4031.988395413347,4369.356753056809,8740.4
2-128465-A-43.wav,car_horn,0.1599037751363185,0.19502947845804988,2326.0031249899193,1915.1945478875239,3662.2000000000003
2-128465-B-43.wav,car_horn,0.1534688881901559,0.18852607709750566,2259.429913217701,2001.0224634097162,3338.0
2-132157-A-11.wav,sea_waves,0.09208865550659766,0.1520453514739229,3429.3512479538863,3888.689278703125,7955.200000000001
2-132157-B-11.wav,sea_waves,0.10692120261780132,0.19933786848072563,3735.2943847764386,4071.727438464651,8816.4
2-133863-A-11.wav,sea_waves,0.1084674917208102,0.12996825396825396,2806.6392940021356,3275.6721022878924,5795.6
2-137162-A-11.wav,sea_waves,0.13864295829365073,0.18559637188208616,3538.724225332417,3685.0824489330325,7335.200000000001
2-138465-A-43.wav,car_horn,0.23140057341213371,0.05345124716553288,2279.1711537087435,3372.179042291607,4218.0
2-144137-A-43.wav,car_horn,0.22364694576085134,0.07434920634920635,3643.1141264387434,3276.1423223477327,7060.8
2-155801-A-11.wav,sea_waves,0.12194003010765703,0.14061678004535147,3166.834190278642,3677.3344622460386,6942.400000000001
2-205966-A-16.wav,wind,0.24484612340654127,0.08175963718820861,1483.1198173804096,2060.3273545450975,1826.4
2-39441-A-19.wav,thunderstorm,0.10511235694026827,0.034643990929705215,1034.9988984947074,2446.5497706454184,1038.8
2-39443-A-19.wav,thunderstorm,0.14118482913451158,0.022603174603174604,892.5057411021465,2583.5696575813963,813.2
2-39443-B-19.wav,thunderstorm,0.18147648068740535,0.05568253968253968,3136.019627240147,4639.172392609125,7197.200000000001
2-39945-A-19.wav,thunderstorm,0.10417233503842906,0.03956462585034014,687.54647034652,1095.8987039842666,1255.8000000000002
2-39945-B-19.wav,thunderstorm,0.08548113213360939,0.03151927437641723,617.2542224246382,1110.1067489952543,1129.4
2-39945-C-19.wav,thunderstorm,0.1384351842304336,0.05238095238095238,994.7921532643195,1316.3971428490747,1861.2
2-42101-A-43.wav,car_horn,0.22284742571394653,0.03877551020408163,1299.509908986071,2065.6285461508655,2401.4
2-43802-A-42.wav,siren,0.2085143114278419,0.09254421768707483,1985.4879932443855,2441.4423126003207,3560.6000000000004
2-43806-A-42.wav,siren,0.21220770173556192,0.10830385487528345,1822.683342680682,1709.1860191944793,3346.8
2-54086-A-43.wav,car_horn,0.15806774661723527,0.08433106575963718,4713.137946901222,3830.5874406900175,8680.4
2-70052-A-42.wav,siren,0.4053468683542753,0.11317913832199547,1939.7626887766992,1803.0903686344368,3202.4
2-70052-B-42.wav,siren,0.26894550994457594,0.09152380952380952,1950.7634129574776,1974.7873666734947,2944.4
2-70936-A-42.wav,siren,0.37293221685651906,0.10757369614512471,1868.4975342794442,1864.0294734045226,2839.4
2-70938-A-42.wav,siren,0.21924736048364235,0.09744671201814059,2002.1553056771552,1504.0063809335004,3482.8
2-70939-A-42.wav,siren,0.4247759699362859,0.10839002267573696,1988.8925443718929,1623.205602693599,3259.0
2-72688-A-42.wav,siren,0.25842618862575145,0.05656235827664399,1266.959865272691,1723.1975270723397,2327.8
2-72970-A-10.wav,rain,0.07387612991408334,0.357297052154195,4764.314904922631,3642.5452627193104,8708.2
2-73027-A-10.wav,rain,0.15788561332806605,0.48376417233560093,6072.519663711428,4535.111263431781,11264.400000000001
2-73260-A-10.wav,rain,0.06858072646841962,0.1358095238095238,5742.05745147961,6139.98387679228,14318.6
2-78651-A-44.wav,engine,0.0770617319573602,0.09887528344671202,3864.3736820018908,4091.885835996886,8558.6
2-81731-A-10.wav,rain,0.02749091257723412,0.5173514739229025,7793.424229663937,5209.308131027712,13934.2
2-82367-A-10.wav,rain,0.0457426004427995,0.38161904761904764,6105.736726506464,4853.624814826898,11577.2
2-87781-A-10.wav,rain,0.12513815639485412,0.09522902494331066,3729.3899715151897,4168.063486904591,9238.4
2-99795-A-32.wav,keyboard_typing,0.040405461756683955,0.3132063492063492,6003.6359400225765,4327.571505786134,10886.0
2-99796-A-32.wav,keyboard_typing,0.02393138559914296,0.4025759637188209,7618.0207680398435,4445.866509255594,12380.400000000001
3-103050-A-19.wav,thunderstorm,0.13454538800839663,0.020081632653061225,743.8376565489164,2607.789620259937,389.8
3-103051-A-19.wav,thunderstorm,0.10961989704229483,0.028063492063492065,1290.5654535178646,3377.1161683422283,894.0
3-103051-B-19.wav,thunderstorm,0.1231827219008443,0.022984126984126985,916.1077894380049,2763.4055052854583,611.4
3-103051-C-19.wav,thunderstorm,0.12268145885690446,0.030585034013605444,858.8227812075193,2512.7654329034262,754.8000000000001
3-115382-A-44.wav,engine,0.3409976685429117,0.025560090702947846,1766.4683191468494,2713.912179690684,4148.2
3-117504-A-16.wav,wind,0.23962830610230862,0.06536054421768707,1687.5222726123877,2390.8771868561253,2954.0
3-117504-B-16.wav,wind,0.21961835826656556,0.0633015873015873,1585.5788827178853,2361.253548833422,2617.0
3-119455-A-44.wav,engine,0.2365130843202508,0.15904761904761905,4214.777607053408,4347.409091612721,8820.800000000001
3-123224-A-19.wav,thunderstorm,0.10940558348185969,0.05815873015873016,845.9882702251551,1681.2173817992386,1170.2
3-124600-A-19.wav,thunderstorm,0.17063251697999116,0.032952380952380955,572.8085813267113,1719.8341932949688,577.0
3-125548-A-32.wav,keyboard_typing,0.026275107534862462,0.17453968253968255,3507.423735863622,2887.7511917131865,6730.8
3-128160-A-44.wav,engine,0.1594283768187441,0.171546485260771,3071.1082212951605,2843.2677153171785,6024.8
3-132830-A-32.wav,keyboard_typing,0.015135826311935711,0.13752380952380952,3302.2873224510618,2477.537774698628,4995.6
3-132852-A-10.wav,rain,0.26199944031801603,0.021768707482993196,1413.1271831785352,2334.2416899400487,2827.6000000000004
3-134699-A-16.wav,wind,0.15196603898625455,0.040643990929705213,2187.0849613127393,3636.01986935399,4991.200000000001
3-134699-B-16.wav,wind,0.202573438359259,0.02794557823129252,1699.1451757892542,3443.7760535671464,3559.6000000000004
3-134699-C-16.wav,wind,0.21536168005376405,0.05016780045351474,2445.405589833675,3521.484876210667,5388.200000000001
3-136608-A-16.wav,wind,0.17101653393968275,0.10154195011337869,2652.758737118538,3904.431566475082,5379.200000000001
3-140774-A-10.wav,rain,0.14988442580616168,0.0589297052154195,1361.0816997666213,1944.8956007543652,2529.0
3-141240-A-44.wav,engine,0.11719034830374521,0.11273922902494331,3682.2623940488343,3740.1259284645093,7894.6
3-141240-B-44.wav,engine,0.15413087085753754,0.09374149659863945,3827.2287937651395,4141.464806608631,8375.0
3-142005-A-10.wav,rain,0.14730734882473173,0.24373696145124715,4495.533239502086,4397.5796804257025,10001.2
3-142006-A-10.wav,rain,0.18476172901331514,0.25277097505668933,4565.8279283546535,4468.027750305185,10213.0
3-143929-A-10.wav,rain,0.24941421045859294,0.032390022675736964,1931.7329395347251,3209.577758649756,4865.400000000001
3-144106-A-32.wav,keyboard_typing,0.06841029869654718,0.30714739229024945,6873.4506794274,4816.564332567951,12644.400000000001
3-144120-A-32.wav,keyboard_typing,0.02113503384956574,0.09013151927437642,3564.951559185613,3233.5867844808986,7081.8
3-144827-A-11.wav,sea_waves,0.1661619598426132,0.1365079365079365,2675.6816814582958,2957.3565786871604,5670.6
3-144827-B-11.wav,sea_waves,0.1604012705603524,0.11640816326530612,2518.7266644627866,3013.985923560251,5600.8
3-144891-A-19.wav,thunderstorm,0.10028088336363411,0.04304761904761905,897.1976777634684,1893.515789764312,1198.0
3-144891-B-19.wav,thunderstorm,0.1316318555127475,0.0714920634920635,1092.420669646238,1532.4254306912017,1906.0
3-145577-A-43.wav,car_horn,0.1086386698086052,0.03263038548752834,7369.128027075936,6377.233451959052,15856.2
3-146186-A-44.wav,engine,0.3190443886890598,0.03139229024943311,2851.364194485248,4269.5866059240625,7570.0
3-146697-A-43.wav,car_horn,0.26576744954352993,0.021342403628117915,2504.3364203229794,4303.558230162246,6226.0
3-153057-A-43.wav,car_horn,0.1035039716504661,0.013428571428571429,2155.06379578954,3452.1965717469657,4104.6
3-153444-A-32.wav,keyboard_typing,0.02521691062984119,0.49053061224489797,6978.015509586158,4392.948193529453,11658.800000000001
3-154758-A-44.wav,engine,0.20011164101432707,0.15214512471655328,3701.6359950595534,4174.746410626689,8642.6
3-154781-A-32.wav,keyboard_typing,0.02905333075820593,0.11420408163265307,3969.5097126846217,3438.1905945957146,7267.200000000001
3-155130-A-43.wav,car_horn,0.09979876169671381,0.10150566893424036,5765.577355486535,5709.967712462124,13706.400000000001
3-155234-A-43.wav,car_horn,0.23015742521673124,0.05310657596371882,1526.1694723423775,2569.8187463144845,2832.8
3-155568-A-32.wav,keyboard_typing,0.041888864831684414,0.08231746031746032,3862.116276897878,3702.4362105823284,8216.0
3-155570-A-32.wav,keyboard_typing,0.06367431684978274,0.045922902494331064,4824.8772681374585,4961.727955937769,11362.6
3-155642-A-11.wav,sea_waves,0.17282569120531485,0.08698412698412698,2406.5806865204363,3423.270732788459,5694.400000000001
3-155642-B-11.wav,sea_waves,0.16641358888765312,0.1008344671201814,2716.956736764355,3628.677382361213,6544.6
3-157149-A-10.wav,rain,0.09527257762496992,0.5285895691609978,6232.7440427689635,4147.20948174361,11167.2
3-157487-A-10.wav,rain,0.07146421939452058,0.10555102040816326,3851.491070150266,4759.390057391434,9644.2
3-157615-A-10.wav,rain,0.14134162898422883,0.5590929705215419,6789.750873258582,4314.952438854348,11538.6
3-161010-A-43.wav,car_horn,0.20736444337436194,0.13331519274376416,2808.6369462769603,2895.6986335921943,6402.8
3-164120-A-11.wav,sea_waves,0.13165107519090963,0.23449433106575965,3861.1255009694187,3486.505012442582,7808.400000000001
3-164630-A-11.wav,sea_waves,0.1130677855161978,0.21993650793650793,4444.172712334013,4533.729550017323,10140.0
3-166422-A-11.wav,sea_waves,0.1462295868103173,0.27340589569161,3847.643576765403,4253.083983758064,7806.0
3-174840-A-43.wav,car_horn,0.13803828928711054,0.17524263038548754,4433.611697281071,3436.0303799629473,6063.6
3-187710-A-11.wav,sea_waves,0.09866690126318142,0.14844897959183673,3905.03870986967,3972.9858997825786,8804.0
3-243726-A-43.wav,car_horn,0.15638869128340108,0.11080272108843538,2506.683733022487,3165.7057843751854,5189.200000000001
3-246513-A-16.wav,wind,0.3896281522796542,0.019791383219954647,797.394703243376,1769.5652782247603,955.6
3-246513-B-16.wav,wind,0.17945854976190156,0.03918367346938775,938.5434121085082,2099.267290283832,1066.4
3-259622-A-44.wav,engine,0.1353714551344248,0.44468027210884353,6713.529117167579,4116.6438523636725,11895.400000000001
3-51376-A-42.wav,siren,0.2556628131831679,0.06152380952380952,1322.9421749421497,1972.69853301671,2079.6
3-51731-A-42.wav,siren,0.254696991140406,0.07507482993197279,1547.4026061870672,1929.830458391568,2762.8
3-51731-B-42.wav,siren,0.20952049609873047,0.12729251700680272,2373.5030937401125,2432.5238645754475,4083.2000000000003
3-51909-A-42.wav,siren,0.2654857737224712,0.06075283446712018,884.1877832546041,951.7749429136725,1586.2
3-51909-B-42.wav,siren,0.626183681527605,0.049532879818594104,1898.001402749325,2703.734441755549,3080.0
3-58772-A-42.wav,siren,0.23638501329548847,0.0777687074829932,1838.3401185041378,2359.205927916331,3429.8
3-62878-A-42.wav,siren,0.47775848961306483,0.1031201814058957,1664.3705133378526,1589.5465490864,2775.2000000000003
3-62878-B-42.wav,siren,0.3198192984276782,0.06015873015873016,2010.6068841343715,1688.9511712338394,3476.8
4-102871-A-42.wav,siren,0.18621424389951874,0.12439909297052154,1942.9501294416236,1853.0203265818723,3097.4
4-111671-A-42.wav,siren,0.23864622171293765,0.1211156462585034,1830.0495103900425,1757.1026578269805,2471.6000000000004
4-111671-B-42.wav,siren,0.2838838196255294,0.11138321995464853,1838.9610595379024,1913.3754743895797,2679.6000000000004
4-121532-A-42.wav,siren,0.22653882776806566,0.07005895691609977,1022.5299167986942,868.9919272360327,1554.6000000000001
4-125070-A-19.wav,thunderstorm,0.12388813040531024,0.0436281179138322,827.284777900613,1510.0816433089324,1392.0
4-125071-A-19.wav,thunderstorm,0.13404011619871778,0.03589115646258503,616.2346748096005,1830.371595651106,708.2
4-125072-A-19.wav,thunderstorm,0.052323521510991546,0.0363718820861678,745.448265204674,1403.4932655675896,1031.6000000000001
4-125072-B-19.wav,thunderstorm,0.17177436629089585,0.04416326530612245,714.6049155441391,1429.0440671450115,1030.2
4-144083-A-16.wav,wind,0.1920943661953318,0.05536507936507937,1268.1561387101192,2025.9990635486217,1982.8000000000002
4-144083-B-16.wav,wind,0.17781204156795838,0.04054421768707483,1032.613376747987,2296.2987934371477,1174.2
4-144083-C-16.wav,wind,0.19583860383249124,0.04820861678004535,1018.7543602146353,1994.9184254289073,1243.4
4-144085-A-16.wav,wind,0.2512521514949547,0.04171428571428572,1136.0219443274761,2473.31147791093,1200.4
4-156993-A-19.wav,thunderstorm,0.1247569887857827,0.08526984126984127,1756.3166519727897,2718.702019547569,3539.2000000000003
4-158653-A-32.wav,keyboard_typing,0.023388144912389813,0.24182312925170069,5261.428883887734,4458.256330499292,10116.2
4-160999-A-10.wav,rain,0.13574356647767977,0.28527891156462587,4491.021660359122,3790.6345707742685,9044.2
4-161127-A-10.wav,rain,0.1842188296431166,0.17038548752834468,3730.969805818198,3687.6788374269,7569.0
4-161519-A-19.wav,thunderstorm,0.11268553052711229,0.016090702947845804,344.4047066170847,848.054802998639,573.6
4-163264-A-10.wav,rain,0.16844846987794312,0.243156462585034,4656.048842218249,4196.499401202607,9819.6
4-163606-A-16.wav,wind,0.14085770893736455,0.023219954648526078,687.5624099834816,1911.81218859785,600.8000000000001
4-163608-B-16.wav,wind,0.14221498537797503,0.012807256235827664,967.5857410874181,2267.5717647944516,1668.4
4-163609-A-16.wav,wind,0.17937879871676385,0.026802721088435375,839.3566141879919,2261.1017352480453,874.2
4-163609-B-16.wav,wind,0.12537497272141415,0.02268480725623583,781.989797168029,2023.2186470705994,903.6
4-164206-A-10.wav,rain,0.11823725321176666,0.3475192743764172,5340.324256068314,4687.465263606054,11008.800000000001
4-165813-A-19.wav,thunderstorm,0.17335670250591265,0.053224489795918366,617.5251090299771,1387.9891123067114,906.8000000000001
4-165813-B-19.wav,thunderstorm,0.1555378769022051,0.03454875283446712,576.116097185511,1385.5758246901898,793.8000000000001
4-166661-A-10.wav,rain,0.14657262479812974,0.1803356009070295,3117.2947774025392,3152.295834284366,5959.6
4-167063-A-11.wav,sea_waves,0.10666655727607166,0.18463492063492062,3794.853968790016,4073.1705527918134,7695.6
4-167063-B-11.wav,sea_waves,0.1200108802584984,0.17715192743764172,3598.9461889117915,3849.167005621334,7404.6
4-167063-C-11.wav,sea_waves,0.1285146909049291,0.17679818594104307,3465.3362674223563,3715.446009177346,7110.200000000001
4-167155-A-32.wav,keyboard_typing,0.05730129231568556,0.11082086167800453,2727.8489458490244,2104.541083977472,4782.6
4-171652-A-44.wav,engine,0.1897317414939666,0.1821859410430839,3827.0458338225058,4470.415823969287,8531.2
4-172180-A-32.wav,keyboard_typing,0.08559790529724078,0.07041269841269841,5805.526374948532,5139.257819368921,11664.6
4-172742-A-32.wav,keyboard_typing,0.016249515184114993,0.047351473922902496,6071.935005749772,4949.116928697538,11789.400000000001
4-175845-A-43.wav,car_horn,0.20324206343099524,0.018789115646258504,1312.1502396709448,2043.4108925707737,2140.2000000000003
4-175846-A-43.wav,car_horn,0.16052881997086405,0.04002267573696145,1839.4860017275014,2338.2976722469334,2968.2000000000003
4-175855-A-43.wav,car_horn,0.10039332343736128,0.030235827664399095,2035.0175331324872,2263.7117501806456,3335.6000000000004
4-175856-A-43.wav,car_horn,0.09129671600845614,0.0532562358276644,2468.549111513679,2384.1214320275835,4967.8
4-176631-A-43.wav,car_horn,0.505684408615024,0.05384126984126984,2190.8236737003253,2918.7970542857074,4314.2
4-176638-A-43.wav,car_horn,0.17761069989193898,0.05360544217687075,2395.2573165377526,3134.179289056958,3963.0
4-177243-A-32.wav,keyboard_typing,0.04027253160187545,0.15394104308390022,4224.63388199274,4554.629333094042,9661.6
4-177250-A-10.wav,rain,0.1341341628700903,0.3643356009070295,5979.168154461366,4817.296445956615,11767.800000000001
4-178402-A-43.wav,car_horn,0.146666551909069,0.2384671201814059,2511.44789098897,2568.1127655556274,4088.8
4-180380-A-10.wav,rain,0.09625195014662262,0.2680544217687075,4810.834084346878,4589.6553511327875,10452.400000000001
4-181286-A-10.wav,rain,0.05726105610118075,0.38764625850340134,6223.400715978682,5487.004370577232,12858.400000000001
4-181707-A-32.wav,keyboard_typing,0.028741074910035667,0.26,4559.006127031275,2952.671332885345,8172.200000000001
4-181708-A-32.wav,keyboard_typing,0.030443526565389508,0.19337868480725623,3638.180974515303,2805.5852366809368,6909.6
4-182613-A-11.wav,sea_waves,0.21250316688039772,0.1076281179138322,2503.018077875902,3141.718164773439,5522.400000000001
4-182613-B-11.wav,sea_waves,0.17858941517531984,0.09114739229024943,2243.8608207440493,3130.6615907052515,5022.6
4-185613-A-32.wav,keyboard_typing,0.027690180679614793,0.18472562358276645,7260.378217098993,5363.147478033072,14264.800000000001
4-186935-A-44.wav,engine,0.12583181930226964,0.11319274376417233,3363.3886954924083,3736.3239331195855,6439.6
4-186936-A-44.wav,engine,0.23696856634109634,0.05980045351473923,2723.2265727612194,3421.8056594634636,5324.6
4-186938-A-44.wav,engine,0.15032868555105716,0.03343764172335601,2457.0685895865495,3345.631243834369,4924.6
4-186940-A-44.wav,engine,0.2650967441995275,0.07421768707482994,2968.839267636012,3404.0886487279677,5802.6
4-186962-A-44.wav,engine,0.4215146534549808,0.08334693877551021,2721.0689146145405,3500.920897673964,5434.0
4-191015-A-43.wav,car_horn,0.14948160167283633,0.08831746031746032,4082.549879097119,4831.166051823095,10060.2
4-195451-A-44.wav,engine,0.20333729180019847,0.18205895691609977,4365.837919658264,4356.528110091854,9945.6
4-195497-A-11.wav,sea_waves,0.12601660634541978,0.1820498866213152,3490.037128740494,3557.731432910038,7497.200000000001
4-195497-B-11.wav,sea_waves,0.08875925564825561,0.1684625850340136,3651.075861985268,3749.897900113351,8093.0
4-201988-A-44.wav,engine,0.1296357152269501,0.03891156462585034,2659.980839973373,3775.289733049394,6218.6
4-204618-A-11.wav,sea_waves,0.1270835847584273,0.20974149659863944,2544.9575954029174,1720.0828231837813,4483.6
4-67358-A-42.wav,siren,0.2261764695289468,0.13830839002267573,2019.203200213261,1166.425506124946,2836.4
4-80761-A-42.wav,siren,0.38635232471444086,0.041569160997732425,1043.578864066414,1806.433372428521,1551.6000000000001
4-90014-A-42.wav,siren,0.24959622958273003,0.09095691609977324,1621.5128485759897,2205.703599425416,2920.8
4-90014-B-42.wav,siren,0.21013919887937643,0.10303854875283447,1789.5485876913547,2205.134224626008,3067.8
5-117118-A-42.wav,siren,0.2637369736033142,0.07354195011337869,1163.669850641666,1128.1296672675692,1796.2
5-117120-A-42.wav,siren,0.2731155434729383,0.21403174603174605,3460.068431101004,2584.883623787598,5544.6
5-117122-A-42.wav,siren,0.2273979847545498,0.06010884353741497,1032.3342124045803,889.5305777453445,1686.0
5-117773-A-16.wav,wind,0.22377629499971988,0.025578231292517007,1865.023124520044,4024.490115055256,3040.8
5-133989-A-42.wav,siren,0.37306202816073253,0.0694421768707483,1737.803236194108,1904.4936167571848,3102.8
5-133989-B-42.wav,siren,0.38481277234756833,0.06201360544217687,1544.5171470168368,1995.09818808296,2598.0
5-150409-A-42.wav,siren,0.2405125348919016,0.06486167800453514,1535.8913901975736,2267.7975355099984,2499.6000000000004
5-156999-A-19.wav,thunderstorm,0.18708308860637046,0.04061678004535147,1126.9509106944329,1747.7185075803839,2135.4
5-156999-B-19.wav,thunderstorm,0.5248582290596984,0.011882086167800454,283.8841551744262,920.569189787172,399.8
5-156999-C-19.wav,thunderstorm,0.48244465766156125,0.013215419501133786,562.651640715896,1293.433171967332,919.2
5-156999-D-19.wav,thunderstorm,0.44499985534785397,0.008888888888888889,372.66029511791726,1250.6440899260692,467.6
5-156999-E-19.wav,thunderstorm,0.431099491797136,0.035473922902494334,1731.0693895166628,2624.417447361434,3761.8
5-157204-A-16.wav,wind,0.23510376923863338,0.059682539682539684,2170.3779949862364,2623.026918551114,4811.0
5-157204-B-16.wav,wind,0.25524329055008627,0.0716281179138322,2276.452189474973,2815.9977246113676,4800.400000000001
5-160551-A-42.wav,siren,0.2146010845248837,0.11180045351473923,1668.414994889706,1999.8941844158705,2146.2000000000003
5-179496-A-16.wav,wind,0.2039461847938326,0.042213151927437645,1469.485392217341,2287.9621534108683,2679.2000000000003
5-179496-B-16.wav,wind,0.3136321666113701,0.04894331065759637,1526.4241176917265,2166.7197905551416,2719.6000000000004
5-179860-A-43.wav,car_horn,0.07839694407006194,0.049346938775510205,3373.2922699809583,3009.692962981395,4746.400000000001
5-179863-A-43.wav,car_horn,0.10153109470760588,0.06120634920634921,4580.595070203293,3868.2154247442904,8859.2
5-179865-A-43.wav,car_horn,0.12046127551357393,0.04633560090702948,2257.12381456926,2582.2534153847196,4043.8
5-179866-A-43.wav,car_horn,0.07094334289170383,0.027360544217687074,2207.714317864118,2473.1587457779797,3566.0
5-179868-A-43.wav,car_horn,0.12330439348189784,0.08984126984126985,2061.2098117481332,2442.2252674601464,3210.6000000000004
5-180156-A-43.wav,car_horn,0.17283881480263993,0.0982312925170068,2035.8534536314091,2320.6689971190726,4018.8
5-180156-B-43.wav,car_horn,0.192898593128297,0.116,2614.5793378548324,2943.664925764619,5286.0
5-180156-C-43.wav,car_horn,0.2066168449727332,0.11509297052154195,1936.2873277462643,2278.2273292480295,3702.6000000000004
5-181766-A-10.wav,rain,0.09700653999421159,0.2974331065759637,5363.4783096114925,4814.118189604956,11251.800000000001
5-184323-A-42.wav,siren,0.25783627294689154,0.07211791383219955,1278.0091275436002,2160.0670366381387,1280.6000000000001
5-188495-A-19.wav,thunderstorm,0.1478337985837399,0.01000453514739229,594.4643453762004,1991.3714688426178,642.0
5-188655-A-10.wav,rain,0.08381674819788786,0.330875283446712,5610.444007833725,4449.260225092495,11039.800000000001
5-192191-A-19.wav,thunderstorm,0.14124423985266124,0.022512471655328797,638.9500429476265,1520.727870850965,823.2
5-193339-A-10.wav,rain,0.07320484747908114,0.3082267573696145,4940.819548090432,3666.4582032176886,8966.4
5-194892-A-10.wav,rain,0.14597332427747445,0.28737414965986396,4516.455553829843,3526.304212287788,8315.4
5-195557-A-19.wav,thunderstorm,0.13451183906056854,0.03276190476190476,734.8392797688333,1321.7449599952827,1161.6000000000001
5-195710-A-10.wav,rain,0.08973262727454576,0.18830839002267574,4021.0246877507543,4089.955323822258,8792.4
5-198321-A-10.wav,rain,0.10861546291349244,0.29723356009070295,4551.224760509799,3944.556327310155,9507.6
5-200461-A-11.wav,sea_waves,0.12139175285778807,0.16058956916099773,3039.45602241506,3221.207314143496,6105.6
5-200461-B-11.wav,sea_waves,0.17530115132406876,0.16682993197278911,3072.880243416161,3270.998847700012,6260.0
5-202898-A-10.wav,rain,0.1317747628871782,0.6706394557823129,8839.947053389253,5239.700881034859,14609.6
5-203739-A-10.wav,rain,0.08157515572276336,0.33165532879818593,4646.29414848424,3659.3175276817883,8914.800000000001
5-205090-A-32.wav,keyboard_typing,0.12240901686470303,0.04179591836734694,1854.8255016060782,2938.760647373258,3875.4
5-208810-A-11.wav,sea_waves,0.15761177775823737,0.2252562358276644,3609.8025452840593,3360.828578618975,6954.0
5-208810-B-11.wav,sea_waves,0.1267625623863166,0.23215419501133785,3927.308584480603,3576.93202249917,7939.6
5-209992-A-44.wav,engine,0.2814366566817688,0.04038095238095238,1710.3132520451475,2280.404102683518,3558.4
5-209992-B-44.wav,engine,0.2862573201380205,0.0421859410430839,1465.1584375914822,1791.0327858981373,3292.6000000000004
5-213077-A-11.wav,sea_waves,0.19808744649460575,0.05108390022675737,2066.5190556519287,3060.7043680831953,4531.8
5-215005-A-32.wav,keyboard_typing,0.026009402395753365,0.25327891156462584,3661.5453904106216,3437.9869320313474,4408.0
5-216131-A-32.wav,keyboard_typing,0.027957177867082038,0.22303854875283446,5587.831783132743,4390.493253141224,10648.6
5-217186-A-16.wav,wind,0.21535742413635578,0.04024489795918367,1206.5631825621472,2286.9138873207107,1720.8000000000002
5-217186-B-16.wav,wind,0.23556161456083682,0.045868480725623585,1005.8903919624206,2105.7108961417216,1181.6000000000001
5-217186-C-16.wav,wind,0.22885741892115385,0.04852607709750567,991.6485548764748,2009.733481794067,1171.4
5-219379-A-11.wav,sea_waves,0.11159291415694739,0.1772517006802721,2723.232691973599,2580.1139498365005,5005.6
5-219379-B-11.wav,sea_waves,0.11803222552298737,0.17417687074829932,2698.568506855735,2529.9166235724915,4906.8
5-219379-C-11.wav,sea_waves,0.14341399650725514,0.15852154195011336,2585.4720002575223,2458.3365769945303,4572.0
5-222894-A-32.wav,keyboard_typing,0.09342968704514193,0.10268934240362812,4208.82779369813,4542.737602074761,9564.6
5-223099-A-32.wav,keyboard_typing,0.04927670675012166,0.09766893424036281,4536.009939634607,4553.042604305883,9582.800000000001
5-223099-B-32.wav,keyboard_typing,0.05978917852799804,0.1293424036281179,4472.709722152281,4452.159084439225,9554.6
5-232272-A-44.wav,engine,0.2713968517313576,0.07245351473922902,2745.769345510788,3632.8355200822775,6140.6
5-234923-A-32.wav,keyboard_typing,0.0655723087795811,0.10936961451247165,6131.768944878198,4209.9907637032375,10414.0
5-235507-A-44.wav,engine,0.21117059689143283,0.20739229024943312,3748.529542640429,3631.272129646818,7495.0
5-240671-A-44.wav,engine,0.350528320352007,0.013360544217687075,1265.4903886623617,2710.2474767025974,2218.2000000000003
5-243773-A-44.wav,engine,0.188351742871104,0.10156009070294784,2512.0157300163955,2832.9796322688817,4732.400000000001
5-243773-B-44.wav,engine,0.2217556564238129,0.08017233560090703,2225.963490980245,2726.522538824594,4172.6
5-243783-A-44.wav,engine,0.18973172007095881,0.08894331065759638,2385.083450042421,2931.0273230047255,4468.8
5-244178-A-32.wav,keyboard_typing,0.027063050939110343,0.29220861678004534,4962.848302090452,3891.6247176997294,9969.400000000001
